iso3c,country,date,confirmed,deaths,recovered,total_tests,region,income,gdp_capita
QAT,Qatar,22/01/2020,0,0,0,NA,Middle East & North Africa,High income,59923.95966
QAT,Qatar,23/01/2020,0,0,0,NA,Middle East & North Africa,High income,59923.95966
QAT,Qatar,24/01/2020,0,0,0,NA,Middle East & North Africa,High income,59923.95966
QAT,Qatar,25/01/2020,0,0,0,NA,Middle East & North Africa,High income,59923.95966
QAT,Qatar,26/01/2020,0,0,0,NA,Middle East & North Africa,High income,59923.95966
QAT,Qatar,27/01/2020,0,0,0,NA,Middle East & North Africa,High income,59923.95966
QAT,Qatar,28/01/2020,0,0,0,NA,Middle East & North Africa,High income,59923.95966
QAT,Qatar,29/01/2020,0,0,0,NA,Middle East & North Africa,High income,59923.95966
QAT,Qatar,30/01/2020,0,0,0,NA,Middle East & North Africa,High income,59923.95966
QAT,Qatar,31/01/2020,0,0,0,NA,Middle East & North Africa,High income,59923.95966
QAT,Qatar,1/02/2020,0,0,0,NA,Middle East & North Africa,High income,59923.95966
QAT,Qatar,2/02/2020,0,0,0,NA,Middle East & North Africa,High income,59923.95966
QAT,Qatar,3/02/2020,0,0,0,NA,Middle East & North Africa,High income,59923.95966
QAT,Qatar,4/02/2020,0,0,0,NA,Middle East & North Africa,High income,59923.95966
QAT,Qatar,5/02/2020,0,0,0,NA,Middle East & North Africa,High income,59923.95966
QAT,Qatar,6/02/2020,0,0,0,NA,Middle East & North Africa,High income,59923.95966
QAT,Qatar,7/02/2020,0,0,0,NA,Middle East & North Africa,High income,59923.95966
QAT,Qatar,8/02/2020,0,0,0,NA,Middle East & North Africa,High income,59923.95966
QAT,Qatar,9/02/2020,0,0,0,NA,Middle East & North Africa,High income,59923.95966
QAT,Qatar,10/02/2020,0,0,0,NA,Middle East & North Africa,High income,59923.95966
QAT,Qatar,11/02/2020,0,0,0,NA,Middle East & North Africa,High income,59923.95966
QAT,Qatar,12/02/2020,0,0,0,NA,Middle East & North Africa,High income,59923.95966
QAT,Qatar,13/02/2020,0,0,0,NA,Middle East & North Africa,High income,59923.95966
QAT,Qatar,14/02/2020,0,0,0,NA,Middle East & North Africa,High income,59923.95966
QAT,Qatar,15/02/2020,0,0,0,NA,Middle East & North Africa,High income,59923.95966
QAT,Qatar,16/02/2020,0,0,0,NA,Middle East & North Africa,High income,59923.95966
QAT,Qatar,17/02/2020,0,0,0,NA,Middle East & North Africa,High income,59923.95966
QAT,Qatar,18/02/2020,0,0,0,NA,Middle East & North Africa,High income,59923.95966
QAT,Qatar,19/02/2020,0,0,0,NA,Middle East & North Africa,High income,59923.95966
QAT,Qatar,20/02/2020,0,0,0,NA,Middle East & North Africa,High income,59923.95966
QAT,Qatar,21/02/2020,0,0,0,NA,Middle East & North Africa,High income,59923.95966
QAT,Qatar,22/02/2020,0,0,0,NA,Middle East & North Africa,High income,59923.95966
QAT,Qatar,23/02/2020,0,0,0,NA,Middle East & North Africa,High income,59923.95966
QAT,Qatar,24/02/2020,0,0,0,NA,Middle East & North Africa,High income,59923.95966
QAT,Qatar,25/02/2020,0,0,0,NA,Middle East & North Africa,High income,59923.95966
QAT,Qatar,26/02/2020,0,0,0,NA,Middle East & North Africa,High income,59923.95966
QAT,Qatar,27/02/2020,0,0,0,NA,Middle East & North Africa,High income,59923.95966
QAT,Qatar,28/02/2020,0,0,0,NA,Middle East & North Africa,High income,59923.95966
QAT,Qatar,29/02/2020,1,0,0,NA,Middle East & North Africa,High income,59923.95966
QAT,Qatar,1/03/2020,3,0,0,NA,Middle East & North Africa,High income,59923.95966
QAT,Qatar,2/03/2020,3,0,0,NA,Middle East & North Africa,High income,59923.95966
QAT,Qatar,3/03/2020,7,0,0,NA,Middle East & North Africa,High income,59923.95966
QAT,Qatar,4/03/2020,8,0,0,NA,Middle East & North Africa,High income,59923.95966
QAT,Qatar,5/03/2020,8,0,0,NA,Middle East & North Africa,High income,59923.95966
QAT,Qatar,6/03/2020,8,0,0,NA,Middle East & North Africa,High income,59923.95966
QAT,Qatar,7/03/2020,8,0,0,NA,Middle East & North Africa,High income,59923.95966
QAT,Qatar,8/03/2020,15,0,0,NA,Middle East & North Africa,High income,59923.95966
QAT,Qatar,9/03/2020,18,0,0,NA,Middle East & North Africa,High income,59923.95966
QAT,Qatar,10/03/2020,24,0,0,NA,Middle East & North Africa,High income,59923.95966
QAT,Qatar,11/03/2020,262,0,0,NA,Middle East & North Africa,High income,59923.95966
QAT,Qatar,12/03/2020,262,0,0,5309,Middle East & North Africa,High income,59923.95966
QAT,Qatar,13/03/2020,320,0,0,NA,Middle East & North Africa,High income,59923.95966
QAT,Qatar,14/03/2020,337,0,4,6788,Middle East & North Africa,High income,59923.95966
QAT,Qatar,15/03/2020,401,0,4,7950,Middle East & North Africa,High income,59923.95966
QAT,Qatar,16/03/2020,439,0,4,8375,Middle East & North Africa,High income,59923.95966
QAT,Qatar,17/03/2020,439,0,4,8547,Middle East & North Africa,High income,59923.95966
QAT,Qatar,18/03/2020,452,0,4,8873,Middle East & North Africa,High income,59923.95966
QAT,Qatar,19/03/2020,460,0,4,9460,Middle East & North Africa,High income,59923.95966
QAT,Qatar,20/03/2020,470,0,10,9916,Middle East & North Africa,High income,59923.95966
QAT,Qatar,21/03/2020,481,0,27,10358,Middle East & North Africa,High income,59923.95966
QAT,Qatar,22/03/2020,494,0,33,10857,Middle East & North Africa,High income,59923.95966
QAT,Qatar,23/03/2020,501,0,33,11354,Middle East & North Africa,High income,59923.95966
QAT,Qatar,24/03/2020,526,0,41,11531,Middle East & North Africa,High income,59923.95966
QAT,Qatar,25/03/2020,537,0,41,12258,Middle East & North Africa,High income,59923.95966
QAT,Qatar,26/03/2020,549,0,43,13681,Middle East & North Africa,High income,59923.95966
QAT,Qatar,27/03/2020,562,0,43,14845,Middle East & North Africa,High income,59923.95966
QAT,Qatar,28/03/2020,590,1,45,16582,Middle East & North Africa,High income,59923.95966
QAT,Qatar,29/03/2020,634,1,48,18877,Middle East & North Africa,High income,59923.95966
QAT,Qatar,30/03/2020,693,1,51,20058,Middle East & North Africa,High income,59923.95966
QAT,Qatar,31/03/2020,781,2,62,22349,Middle East & North Africa,High income,59923.95966
QAT,Qatar,1/04/2020,835,2,71,24825,Middle East & North Africa,High income,59923.95966
QAT,Qatar,2/04/2020,949,3,72,26260,Middle East & North Africa,High income,59923.95966
QAT,Qatar,3/04/2020,1075,3,93,28413,Middle East & North Africa,High income,59923.95966
QAT,Qatar,4/04/2020,1325,3,109,31951,Middle East & North Africa,High income,59923.95966
QAT,Qatar,5/04/2020,1604,4,123,35757,Middle East & North Africa,High income,59923.95966
QAT,Qatar,6/04/2020,1832,4,131,38108,Middle East & North Africa,High income,59923.95966
QAT,Qatar,7/04/2020,2057,6,150,41818,Middle East & North Africa,High income,59923.95966
QAT,Qatar,8/04/2020,2210,6,178,NA,Middle East & North Africa,High income,59923.95966
QAT,Qatar,9/04/2020,2376,6,206,43144,Middle East & North Africa,High income,59923.95966
QAT,Qatar,10/04/2020,2512,6,227,45339,Middle East & North Africa,High income,59923.95966
QAT,Qatar,11/04/2020,2728,6,247,47751,Middle East & North Africa,High income,59923.95966
QAT,Qatar,12/04/2020,2979,7,275,49102,Middle East & North Africa,High income,59923.95966
QAT,Qatar,13/04/2020,3231,7,334,50828,Middle East & North Africa,High income,59923.95966
QAT,Qatar,14/04/2020,3428,7,373,52622,Middle East & North Africa,High income,59923.95966
QAT,Qatar,15/04/2020,3711,7,406,54484,Middle East & North Africa,High income,59923.95966
QAT,Qatar,16/04/2020,4103,7,415,56381,Middle East & North Africa,High income,59923.95966
QAT,Qatar,17/04/2020,4663,7,464,58328,Middle East & North Africa,High income,59923.95966
QAT,Qatar,18/04/2020,5008,8,510,60139,Middle East & North Africa,High income,59923.95966
QAT,Qatar,19/04/2020,5448,8,518,62538,Middle East & North Africa,High income,59923.95966
QAT,Qatar,20/04/2020,6015,9,555,64620,Middle East & North Africa,High income,59923.95966
QAT,Qatar,21/04/2020,6533,9,614,66725,Middle East & North Africa,High income,59923.95966
QAT,Qatar,22/04/2020,7141,10,689,70012,Middle East & North Africa,High income,59923.95966
QAT,Qatar,23/04/2020,7764,10,750,73457,Middle East & North Africa,High income,59923.95966
QAT,Qatar,24/04/2020,8525,10,809,75888,Middle East & North Africa,High income,59923.95966
QAT,Qatar,25/04/2020,9358,10,929,79705,Middle East & North Africa,High income,59923.95966
QAT,Qatar,26/04/2020,10287,10,1012,82289,Middle East & North Africa,High income,59923.95966
QAT,Qatar,27/04/2020,11244,10,1066,85709,Middle East & North Africa,High income,59923.95966
QAT,Qatar,28/04/2020,11921,10,1134,88607,Middle East & North Africa,High income,59923.95966
QAT,Qatar,29/04/2020,12564,10,1243,91415,Middle East & North Africa,High income,59923.95966
QAT,Qatar,30/04/2020,13409,10,1372,94500,Middle East & North Africa,High income,59923.95966
QAT,Qatar,1/05/2020,14096,12,1436,97726,Middle East & North Africa,High income,59923.95966
QAT,Qatar,2/05/2020,14872,12,1534,101728,Middle East & North Africa,High income,59923.95966
QAT,Qatar,3/05/2020,15551,12,1664,104435,Middle East & North Africa,High income,59923.95966
QAT,Qatar,4/05/2020,16191,12,1810,106795,Middle East & North Africa,High income,59923.95966
QAT,Qatar,5/05/2020,17142,12,1924,109762,Middle East & North Africa,High income,59923.95966
QAT,Qatar,6/05/2020,17972,12,2070,112963,Middle East & North Africa,High income,59923.95966
QAT,Qatar,7/05/2020,18890,12,2286,116495,Middle East & North Africa,High income,59923.95966
QAT,Qatar,8/05/2020,20201,12,2370,120458,Middle East & North Africa,High income,59923.95966
QAT,Qatar,9/05/2020,21331,13,2449,124554,Middle East & North Africa,High income,59923.95966
QAT,Qatar,10/05/2020,22520,14,2753,127769,Middle East & North Africa,High income,59923.95966
QAT,Qatar,11/05/2020,23623,14,2840,131044,Middle East & North Africa,High income,59923.95966
QAT,Qatar,12/05/2020,25149,14,3019,135294,Middle East & North Africa,High income,59923.95966
QAT,Qatar,13/05/2020,26539,14,3143,139127,Middle East & North Africa,High income,59923.95966
QAT,Qatar,14/05/2020,28272,14,3356,143938,Middle East & North Africa,High income,59923.95966
QAT,Qatar,15/05/2020,29425,14,3546,148173,Middle East & North Africa,High income,59923.95966
QAT,Qatar,16/05/2020,30972,15,3788,152704,Middle East & North Africa,High income,59923.95966
QAT,Qatar,17/05/2020,32604,15,4370,157570,Middle East & North Africa,High income,59923.95966
QAT,Qatar,18/05/2020,33969,15,4899,161695,Middle East & North Africa,High income,59923.95966
QAT,Qatar,19/05/2020,35606,15,5634,166182,Middle East & North Africa,High income,59923.95966
QAT,Qatar,20/05/2020,37097,16,6600,170437,Middle East & North Africa,High income,59923.95966
QAT,Qatar,21/05/2020,38651,17,7288,175482,Middle East & North Africa,High income,59923.95966
QAT,Qatar,22/05/2020,40481,19,7893,180642,Middle East & North Africa,High income,59923.95966
QAT,Qatar,23/05/2020,42213,21,8513,184794,Middle East & North Africa,High income,59923.95966
QAT,Qatar,24/05/2020,43714,23,9170,188143,Middle East & North Africa,High income,59923.95966
QAT,Qatar,25/05/2020,45465,26,10363,192484,Middle East & North Africa,High income,59923.95966
QAT,Qatar,26/05/2020,47207,28,11844,196411,Middle East & North Africa,High income,59923.95966
QAT,Qatar,27/05/2020,48947,30,13283,201180,Middle East & North Africa,High income,59923.95966
QAT,Qatar,28/05/2020,50914,33,15399,207033,Middle East & North Africa,High income,59923.95966
QAT,Qatar,29/05/2020,52907,36,20604,212897,Middle East & North Africa,High income,59923.95966
QAT,Qatar,30/05/2020,55262,36,25839,217988,Middle East & North Africa,High income,59923.95966
QAT,Qatar,31/05/2020,56910,38,30290,222069,Middle East & North Africa,High income,59923.95966
QAT,Qatar,1/06/2020,58433,40,33437,225919,Middle East & North Africa,High income,59923.95966
QAT,Qatar,2/06/2020,60259,43,36036,231098,Middle East & North Africa,High income,59923.95966
QAT,Qatar,3/06/2020,62160,45,37542,236437,Middle East & North Africa,High income,59923.95966
QAT,Qatar,4/06/2020,63741,45,39468,241086,Middle East & North Africa,High income,59923.95966
QAT,Qatar,5/06/2020,65495,49,40935,246362,Middle East & North Africa,High income,59923.95966
QAT,Qatar,6/06/2020,67195,51,42527,251391,Middle East & North Africa,High income,59923.95966
QAT,Qatar,7/06/2020,68790,54,44338,255533,Middle East & North Africa,High income,59923.95966
QAT,Qatar,8/06/2020,70158,57,45935,259646,Middle East & North Africa,High income,59923.95966
QAT,Qatar,9/06/2020,71879,62,47569,265035,Middle East & North Africa,High income,59923.95966
QAT,Qatar,10/06/2020,73595,66,49413,269964,Middle East & North Africa,High income,59923.95966
QAT,Qatar,11/06/2020,75071,69,51331,274793,Middle East & North Africa,High income,59923.95966
QAT,Qatar,12/06/2020,76588,70,53296,280655,Middle East & North Africa,High income,59923.95966
QAT,Qatar,13/06/2020,78416,70,55252,286830,Middle East & North Africa,High income,59923.95966
QAT,Qatar,14/06/2020,79602,73,56898,290714,Middle East & North Africa,High income,59923.95966
QAT,Qatar,15/06/2020,80876,76,58681,295338,Middle East & North Africa,High income,59923.95966
QAT,Qatar,16/06/2020,82077,80,60461,300499,Middle East & North Africa,High income,59923.95966
QAT,Qatar,17/06/2020,83174,82,62172,304801,Middle East & North Africa,High income,59923.95966
QAT,Qatar,18/06/2020,84441,86,63642,309670,Middle East & North Africa,High income,59923.95966
QAT,Qatar,19/06/2020,85462,93,65409,313501,Middle East & North Africa,High income,59923.95966
QAT,Qatar,20/06/2020,86488,94,66763,317694,Middle East & North Africa,High income,59923.95966
QAT,Qatar,21/06/2020,87369,98,68319,320792,Middle East & North Africa,High income,59923.95966
QAT,Qatar,22/06/2020,88403,99,69956,324570,Middle East & North Africa,High income,59923.95966
QAT,Qatar,23/06/2020,89579,99,71501,328941,Middle East & North Africa,High income,59923.95966
QAT,Qatar,24/06/2020,90778,104,73083,333172,Middle East & North Africa,High income,59923.95966
QAT,Qatar,25/06/2020,91838,106,74544,337496,Middle East & North Africa,High income,59923.95966
QAT,Qatar,26/06/2020,92784,109,76072,341914,Middle East & North Africa,High income,59923.95966
QAT,Qatar,27/06/2020,93663,110,77225,345691,Middle East & North Africa,High income,59923.95966
QAT,Qatar,28/06/2020,94413,110,78702,349153,Middle East & North Africa,High income,59923.95966
QAT,Qatar,29/06/2020,95106,113,80170,352659,Middle East & North Africa,High income,59923.95966
QAT,Qatar,30/06/2020,96088,113,81564,356832,Middle East & North Africa,High income,59923.95966
QAT,Qatar,1/07/2020,97003,115,83965,360502,Middle East & North Africa,High income,59923.95966
QAT,Qatar,2/07/2020,97897,118,86597,366095,Middle East & North Africa,High income,59923.95966
QAT,Qatar,3/07/2020,98653,121,88583,372005,Middle East & North Africa,High income,59923.95966
QAT,Qatar,4/07/2020,99183,123,90387,376881,Middle East & North Africa,High income,59923.95966
QAT,Qatar,5/07/2020,99799,128,92284,381434,Middle East & North Africa,High income,59923.95966
QAT,Qatar,6/07/2020,100345,133,93898,386111,Middle East & North Africa,High income,59923.95966
QAT,Qatar,7/07/2020,100945,134,94903,390997,Middle East & North Africa,High income,59923.95966
QAT,Qatar,8/07/2020,101553,138,96107,396199,Middle East & North Africa,High income,59923.95966
QAT,Qatar,9/07/2020,102110,142,97272,400767,Middle East & North Africa,High income,59923.95966
QAT,Qatar,10/07/2020,102630,146,98233,404868,Middle East & North Africa,High income,59923.95966
QAT,Qatar,11/07/2020,103128,146,98934,409119,Middle East & North Africa,High income,59923.95966
QAT,Qatar,12/07/2020,103598,147,99743,412682,Middle East & North Africa,High income,59923.95966
QAT,Qatar,13/07/2020,104016,149,100627,416327,Middle East & North Africa,High income,59923.95966
QAT,Qatar,14/07/2020,104533,150,101160,420649,Middle East & North Africa,High income,59923.95966
QAT,Qatar,15/07/2020,104983,151,101637,424858,Middle East & North Africa,High income,59923.95966
QAT,Qatar,16/07/2020,105477,152,102168,430661,Middle East & North Africa,High income,59923.95966
QAT,Qatar,17/07/2020,105898,153,102597,435584,Middle East & North Africa,High income,59923.95966
QAT,Qatar,18/07/2020,106308,154,103023,438990,Middle East & North Africa,High income,59923.95966
QAT,Qatar,19/07/2020,106648,157,103377,441700,Middle East & North Africa,High income,59923.95966
QAT,Qatar,20/07/2020,107037,159,103782,446036,Middle East & North Africa,High income,59923.95966
QAT,Qatar,21/07/2020,107430,160,104191,451168,Middle East & North Africa,High income,59923.95966
QAT,Qatar,22/07/2020,107871,163,104641,455798,Middle East & North Africa,High income,59923.95966
QAT,Qatar,23/07/2020,108244,164,105018,459323,Middle East & North Africa,High income,59923.95966
QAT,Qatar,24/07/2020,108638,164,105420,464674,Middle East & North Africa,High income,59923.95966
QAT,Qatar,25/07/2020,109036,164,105750,469000,Middle East & North Africa,High income,59923.95966
QAT,Qatar,26/07/2020,109305,165,106024,472442,Middle East & North Africa,High income,59923.95966
QAT,Qatar,27/07/2020,109597,165,106328,477194,Middle East & North Africa,High income,59923.95966
QAT,Qatar,28/07/2020,109880,167,106603,481930,Middle East & North Africa,High income,59923.95966
QAT,Qatar,29/07/2020,110153,169,106849,487435,Middle East & North Africa,High income,59923.95966
QAT,Qatar,30/07/2020,110460,171,107135,492569,Middle East & North Africa,High income,59923.95966
QAT,Qatar,31/07/2020,110695,174,107377,495377,Middle East & North Africa,High income,59923.95966
QAT,Qatar,1/08/2020,110911,174,107578,498666,Middle East & North Africa,High income,59923.95966
QAT,Qatar,2/08/2020,111107,177,107779,500536,Middle East & North Africa,High income,59923.95966
QAT,Qatar,3/08/2020,111322,177,108002,502792,Middle East & North Africa,High income,59923.95966
QAT,Qatar,4/08/2020,111538,177,108254,505148,Middle East & North Africa,High income,59923.95966
QAT,Qatar,5/08/2020,111805,178,108539,508079,Middle East & North Africa,High income,59923.95966
QAT,Qatar,6/08/2020,112092,178,108831,511000,Middle East & North Africa,High income,59923.95966
QAT,Qatar,7/08/2020,112383,180,109142,513930,Middle East & North Africa,High income,59923.95966
QAT,Qatar,8/08/2020,112650,182,109438,516825,Middle East & North Africa,High income,59923.95966
QAT,Qatar,9/08/2020,112947,184,109709,520360,Middle East & North Africa,High income,59923.95966
QAT,Qatar,10/08/2020,113262,188,109993,524466,Middle East & North Africa,High income,59923.95966
QAT,Qatar,11/08/2020,113646,188,110324,529289,Middle East & North Africa,High income,59923.95966
QAT,Qatar,12/08/2020,113938,190,110627,533995,Middle East & North Africa,High income,59923.95966
QAT,Qatar,13/08/2020,114281,190,110957,538602,Middle East & North Africa,High income,59923.95966
QAT,Qatar,14/08/2020,114532,190,111258,542518,Middle East & North Africa,High income,59923.95966
QAT,Qatar,15/08/2020,114809,192,111505,546285,Middle East & North Africa,High income,59923.95966
QAT,Qatar,16/08/2020,115080,193,111794,551273,Middle East & North Africa,High income,59923.95966
QAT,Qatar,17/08/2020,115368,193,112088,555970,Middle East & North Africa,High income,59923.95966
QAT,Qatar,18/08/2020,115661,193,112355,560990,Middle East & North Africa,High income,59923.95966
QAT,Qatar,19/08/2020,115956,193,112658,566013,Middle East & North Africa,High income,59923.95966
QAT,Qatar,20/08/2020,116224,193,112924,572273,Middle East & North Africa,High income,59923.95966
QAT,Qatar,21/08/2020,116481,193,113216,577122,Middle East & North Africa,High income,59923.95966
QAT,Qatar,22/08/2020,116765,193,113531,584123,Middle East & North Africa,High income,59923.95966
QAT,Qatar,23/08/2020,117008,193,113808,589920,Middle East & North Africa,High income,59923.95966
QAT,Qatar,24/08/2020,117266,194,114099,594215,Middle East & North Africa,High income,59923.95966
QAT,Qatar,25/08/2020,117498,194,114318,599447,Middle East & North Africa,High income,59923.95966
QAT,Qatar,26/08/2020,117742,194,114558,604112,Middle East & North Africa,High income,59923.95966
QAT,Qatar,27/08/2020,117988,195,114797,609258,Middle East & North Africa,High income,59923.95966
QAT,Qatar,28/08/2020,118196,196,115017,614354,Middle East & North Africa,High income,59923.95966
QAT,Qatar,29/08/2020,118407,196,115251,620128,Middle East & North Africa,High income,59923.95966
QAT,Qatar,30/08/2020,118575,197,115430,624609,Middle East & North Africa,High income,59923.95966
QAT,Qatar,31/08/2020,118778,197,115667,629831,Middle East & North Africa,High income,59923.95966
QAT,Qatar,1/09/2020,118994,198,115895,634745,Middle East & North Africa,High income,59923.95966
QAT,Qatar,2/09/2020,119206,199,116111,639742,Middle East & North Africa,High income,59923.95966
QAT,Qatar,3/09/2020,119420,201,116313,644904,Middle East & North Africa,High income,59923.95966
QAT,Qatar,4/09/2020,119637,201,116538,650248,Middle East & North Africa,High income,59923.95966
QAT,Qatar,5/09/2020,119864,202,116780,654973,Middle East & North Africa,High income,59923.95966
QAT,Qatar,6/09/2020,120095,203,116998,660008,Middle East & North Africa,High income,59923.95966
QAT,Qatar,7/09/2020,120348,205,117241,663648,Middle East & North Africa,High income,59923.95966
QAT,Qatar,8/09/2020,120579,205,117497,667936,Middle East & North Africa,High income,59923.95966
QAT,Qatar,9/09/2020,120846,205,117746,672099,Middle East & North Africa,High income,59923.95966
QAT,Qatar,10/09/2020,121052,205,117978,676170,Middle East & North Africa,High income,59923.95966
QAT,Qatar,11/09/2020,121287,205,118199,680633,Middle East & North Africa,High income,59923.95966
QAT,Qatar,12/09/2020,121523,205,118475,685839,Middle East & North Africa,High income,59923.95966
QAT,Qatar,13/09/2020,121740,205,118682,691031,Middle East & North Africa,High income,59923.95966
QAT,Qatar,14/09/2020,121975,207,118931,695427,Middle East & North Africa,High income,59923.95966
QAT,Qatar,15/09/2020,122214,208,119144,700414,Middle East & North Africa,High income,59923.95966
QAT,Qatar,16/09/2020,122449,208,119400,704982,Middle East & North Africa,High income,59923.95966
QAT,Qatar,17/09/2020,122693,208,119613,709132,Middle East & North Africa,High income,59923.95966
QAT,Qatar,18/09/2020,122917,209,119822,714183,Middle East & North Africa,High income,59923.95966
QAT,Qatar,19/09/2020,123146,209,120089,719057,Middle East & North Africa,High income,59923.95966
QAT,Qatar,20/09/2020,123376,210,120303,724077,Middle East & North Africa,High income,59923.95966
QAT,Qatar,21/09/2020,123604,211,120540,729545,Middle East & North Africa,High income,59923.95966
QAT,Qatar,22/09/2020,123917,211,120766,734141,Middle East & North Africa,High income,59923.95966
QAT,Qatar,23/09/2020,124175,212,121006,739091,Middle East & North Africa,High income,59923.95966
QAT,Qatar,24/09/2020,124425,212,121263,745130,Middle East & North Africa,High income,59923.95966
QAT,Qatar,25/09/2020,124650,212,121512,751104,Middle East & North Africa,High income,59923.95966
QAT,Qatar,26/09/2020,124850,214,121738,755365,Middle East & North Africa,High income,59923.95966
QAT,Qatar,27/09/2020,125084,214,121995,760267,Middle East & North Africa,High income,59923.95966
QAT,Qatar,28/09/2020,125311,214,122209,764925,Middle East & North Africa,High income,59923.95966
QAT,Qatar,29/09/2020,125533,214,122448,770213,Middle East & North Africa,High income,59923.95966
QAT,Qatar,30/09/2020,125760,214,122699,775914,Middle East & North Africa,High income,59923.95966
QAT,Qatar,1/10/2020,125959,214,122911,781128,Middle East & North Africa,High income,59923.95966
QAT,Qatar,2/10/2020,126164,215,123108,786224,Middle East & North Africa,High income,59923.95966
QAT,Qatar,3/10/2020,126339,216,123302,791424,Middle East & North Africa,High income,59923.95966
QAT,Qatar,4/10/2020,126498,216,123475,795768,Middle East & North Africa,High income,59923.95966
QAT,Qatar,5/10/2020,126692,216,123664,800519,Middle East & North Africa,High income,59923.95966
QAT,Qatar,6/10/2020,126943,216,123893,805365,Middle East & North Africa,High income,59923.95966
QAT,Qatar,7/10/2020,127181,218,124108,810027,Middle East & North Africa,High income,59923.95966
QAT,Qatar,8/10/2020,127394,218,124327,815021,Middle East & North Africa,High income,59923.95966
QAT,Qatar,9/10/2020,127600,219,124559,820368,Middle East & North Africa,High income,59923.95966
QAT,Qatar,10/10/2020,127778,219,124767,825511,Middle East & North Africa,High income,59923.95966
QAT,Qatar,11/10/2020,127985,220,124978,831941,Middle East & North Africa,High income,59923.95966
QAT,Qatar,12/10/2020,128191,220,125176,837486,Middle East & North Africa,High income,59923.95966
QAT,Qatar,13/10/2020,128405,220,125373,843565,Middle East & North Africa,High income,59923.95966
QAT,Qatar,14/10/2020,128603,220,125584,849738,Middle East & North Africa,High income,59923.95966
QAT,Qatar,15/10/2020,128803,222,125802,855154,Middle East & North Africa,High income,59923.95966
QAT,Qatar,16/10/2020,128992,222,126006,861236,Middle East & North Africa,High income,59923.95966
QAT,Qatar,17/10/2020,129227,223,126218,869857,Middle East & North Africa,High income,59923.95966
QAT,Qatar,18/10/2020,129431,224,126406,877342,Middle East & North Africa,High income,59923.95966
QAT,Qatar,19/10/2020,129671,224,126650,886186,Middle East & North Africa,High income,59923.95966
QAT,Qatar,20/10/2020,129944,224,126866,892934,Middle East & North Africa,High income,59923.95966
QAT,Qatar,21/10/2020,130210,225,127093,899439,Middle East & North Africa,High income,59923.95966
QAT,Qatar,22/10/2020,130462,228,127328,908883,Middle East & North Africa,High income,59923.95966
QAT,Qatar,23/10/2020,130711,229,127599,918548,Middle East & North Africa,High income,59923.95966
QAT,Qatar,24/10/2020,130965,229,127868,927580,Middle East & North Africa,High income,59923.95966
QAT,Qatar,25/10/2020,131170,230,128099,NA,Middle East & North Africa,High income,59923.95966
QAT,Qatar,26/10/2020,131432,230,128343,944018,Middle East & North Africa,High income,59923.95966
QAT,Qatar,27/10/2020,131689,230,128617,950031,Middle East & North Africa,High income,59923.95966
QAT,Qatar,28/10/2020,131939,230,128884,960075,Middle East & North Africa,High income,59923.95966
QAT,Qatar,29/10/2020,132150,231,129124,965389,Middle East & North Africa,High income,59923.95966
QAT,Qatar,30/10/2020,132343,232,129349,971199,Middle East & North Africa,High income,59923.95966
QAT,Qatar,31/10/2020,132556,232,129583,975530,Middle East & North Africa,High income,59923.95966
QAT,Qatar,1/11/2020,132720,232,129784,979011,Middle East & North Africa,High income,59923.95966
QAT,Qatar,2/11/2020,132917,232,129996,984312,Middle East & North Africa,High income,59923.95966
QAT,Qatar,3/11/2020,133143,232,130202,989992,Middle East & North Africa,High income,59923.95966
QAT,Qatar,4/11/2020,133370,232,130414,995459,Middle East & North Africa,High income,59923.95966
QAT,Qatar,5/11/2020,133619,232,130680,1001488,Middle East & North Africa,High income,59923.95966
QAT,Qatar,6/11/2020,133811,232,130881,1007050,Middle East & North Africa,High income,59923.95966
QAT,Qatar,7/11/2020,134013,232,131075,1011047,Middle East & North Africa,High income,59923.95966
QAT,Qatar,8/11/2020,134203,232,131276,1015828,Middle East & North Africa,High income,59923.95966
QAT,Qatar,9/11/2020,134433,232,131490,1021116,Middle East & North Africa,High income,59923.95966
QAT,Qatar,10/11/2020,134663,233,131733,1025505,Middle East & North Africa,High income,59923.95966
QAT,Qatar,11/11/2020,134887,233,131926,1030640,Middle East & North Africa,High income,59923.95966
QAT,Qatar,12/11/2020,135132,234,132153,1035940,Middle East & North Africa,High income,59923.95966
QAT,Qatar,13/11/2020,135367,234,132356,1040710,Middle East & North Africa,High income,59923.95966
QAT,Qatar,14/11/2020,135570,234,132577,1044873,Middle East & North Africa,High income,59923.95966
QAT,Qatar,15/11/2020,135785,234,132784,1048828,Middle East & North Africa,High income,59923.95966
QAT,Qatar,16/11/2020,136028,235,133010,1053841,Middle East & North Africa,High income,59923.95966
QAT,Qatar,17/11/2020,136222,235,133217,1058418,Middle East & North Africa,High income,59923.95966
QAT,Qatar,18/11/2020,136441,235,133473,1063055,Middle East & North Africa,High income,59923.95966
QAT,Qatar,19/11/2020,136649,235,133691,1067758,Middle East & North Africa,High income,59923.95966
QAT,Qatar,20/11/2020,136888,235,133914,1072110,Middle East & North Africa,High income,59923.95966
QAT,Qatar,21/11/2020,137062,235,134100,NA,Middle East & North Africa,High income,59923.95966
QAT,Qatar,22/11/2020,137229,236,134282,1080568,Middle East & North Africa,High income,59923.95966
QAT,Qatar,23/11/2020,137415,236,134486,1084762,Middle East & North Africa,High income,59923.95966
QAT,Qatar,24/11/2020,137642,236,134698,1088913,Middle East & North Africa,High income,59923.95966
QAT,Qatar,25/11/2020,137851,237,134950,1092622,Middle East & North Africa,High income,59923.95966
QAT,Qatar,26/11/2020,138066,237,135198,1097377,Middle East & North Africa,High income,59923.95966
QAT,Qatar,27/11/2020,138250,237,135370,1100989,Middle East & North Africa,High income,59923.95966
QAT,Qatar,28/11/2020,138477,237,135651,1104866,Middle East & North Africa,High income,59923.95966
QAT,Qatar,29/11/2020,138648,237,135862,1108078,Middle East & North Africa,High income,59923.95966
QAT,Qatar,30/11/2020,138833,237,136090,1112430,Middle East & North Africa,High income,59923.95966
QAT,Qatar,1/12/2020,139001,238,136306,1116081,Middle East & North Africa,High income,59923.95966
QAT,Qatar,2/12/2020,139256,239,136513,1120706,Middle East & North Africa,High income,59923.95966
QAT,Qatar,3/12/2020,139477,239,136741,1125668,Middle East & North Africa,High income,59923.95966
QAT,Qatar,4/12/2020,139643,239,136872,1129685,Middle East & North Africa,High income,59923.95966
QAT,Qatar,5/12/2020,139783,239,137060,1133075,Middle East & North Africa,High income,59923.95966
QAT,Qatar,6/12/2020,139908,239,137276,1136425,Middle East & North Africa,High income,59923.95966
QAT,Qatar,7/12/2020,140086,239,137494,1140455,Middle East & North Africa,High income,59923.95966
QAT,Qatar,8/12/2020,140203,239,137708,1144984,Middle East & North Africa,High income,59923.95966
QAT,Qatar,9/12/2020,140353,240,137881,1149684,Middle East & North Africa,High income,59923.95966
QAT,Qatar,10/12/2020,140516,240,138033,1154919,Middle East & North Africa,High income,59923.95966
QAT,Qatar,11/12/2020,140680,240,138194,1159766,Middle East & North Africa,High income,59923.95966
QAT,Qatar,12/12/2020,140827,240,138347,1163120,Middle East & North Africa,High income,59923.95966
QAT,Qatar,13/12/2020,140961,240,138490,1167017,Middle East & North Africa,High income,59923.95966
QAT,Qatar,14/12/2020,141121,241,138719,1171929,Middle East & North Africa,High income,59923.95966
QAT,Qatar,15/12/2020,141272,241,138919,1175833,Middle East & North Africa,High income,59923.95966
QAT,Qatar,16/12/2020,141417,242,139042,1180038,Middle East & North Africa,High income,59923.95966
QAT,Qatar,17/12/2020,141557,242,139243,1185304,Middle East & North Africa,High income,59923.95966
QAT,Qatar,18/12/2020,141716,242,139384,1189774,Middle East & North Africa,High income,59923.95966
QAT,Qatar,19/12/2020,141858,243,139521,1192295,Middle East & North Africa,High income,59923.95966
QAT,Qatar,20/12/2020,142001,243,139724,1196194,Middle East & North Africa,High income,59923.95966
QAT,Qatar,21/12/2020,142159,243,139927,1199805,Middle East & North Africa,High income,59923.95966
QAT,Qatar,22/12/2020,142308,243,140129,1203272,Middle East & North Africa,High income,59923.95966
QAT,Qatar,23/12/2020,142448,243,140264,1207359,Middle East & North Africa,High income,59923.95966
QAT,Qatar,24/12/2020,142605,243,140404,1211813,Middle East & North Africa,High income,59923.95966
QAT,Qatar,25/12/2020,142734,244,140542,1215910,Middle East & North Africa,High income,59923.95966
QAT,Qatar,26/12/2020,142903,244,140687,1219417,Middle East & North Africa,High income,59923.95966
QAT,Qatar,27/12/2020,143062,244,140866,1223497,Middle East & North Africa,High income,59923.95966
QAT,Qatar,28/12/2020,143222,244,141015,1227488,Middle East & North Africa,High income,59923.95966
QAT,Qatar,29/12/2020,143428,245,141147,1231890,Middle East & North Africa,High income,59923.95966
QAT,Qatar,30/12/2020,143621,245,141300,1236193,Middle East & North Africa,High income,59923.95966
QAT,Qatar,31/12/2020,143834,245,141422,1241406,Middle East & North Africa,High income,59923.95966
QAT,Qatar,1/01/2021,144042,245,141556,1244855,Middle East & North Africa,High income,59923.95966
QAT,Qatar,2/01/2021,144240,245,141680,1248366,Middle East & North Africa,High income,59923.95966
QAT,Qatar,3/01/2021,144437,245,141808,1252433,Middle East & North Africa,High income,59923.95966
QAT,Qatar,4/01/2021,144644,245,141925,1257197,Middle East & North Africa,High income,59923.95966
QAT,Qatar,5/01/2021,144852,245,142056,1261956,Middle East & North Africa,High income,59923.95966
QAT,Qatar,6/01/2021,145061,245,142182,1266662,Middle East & North Africa,High income,59923.95966
QAT,Qatar,7/01/2021,145271,245,142314,1272766,Middle East & North Africa,High income,59923.95966
QAT,Qatar,8/01/2021,145466,246,142453,1278353,Middle East & North Africa,High income,59923.95966
QAT,Qatar,9/01/2021,145672,246,142572,1282354,Middle East & North Africa,High income,59923.95966
QAT,Qatar,10/01/2021,145865,246,142695,1286667,Middle East & North Africa,High income,59923.95966
QAT,Qatar,11/01/2021,146068,246,142827,1291334,Middle East & North Africa,High income,59923.95966
QAT,Qatar,12/01/2021,146279,246,142938,1296060,Middle East & North Africa,High income,59923.95966
QAT,Qatar,13/01/2021,146480,246,143094,1301053,Middle East & North Africa,High income,59923.95966
QAT,Qatar,14/01/2021,146689,246,143261,1306477,Middle East & North Africa,High income,59923.95966
QAT,Qatar,15/01/2021,146885,246,143435,1311760,Middle East & North Africa,High income,59923.95966
QAT,Qatar,16/01/2021,147089,246,143612,1314424,Middle East & North Africa,High income,59923.95966
QAT,Qatar,17/01/2021,147277,246,143858,1317969,Middle East & North Africa,High income,59923.95966
QAT,Qatar,18/01/2021,147504,248,144015,1323172,Middle East & North Africa,High income,59923.95966
QAT,Qatar,19/01/2021,147729,248,144218,1328247,Middle East & North Africa,High income,59923.95966
QAT,Qatar,20/01/2021,148000,248,144350,1333825,Middle East & North Africa,High income,59923.95966
QAT,Qatar,21/01/2021,148258,248,144478,1340046,Middle East & North Africa,High income,59923.95966
QAT,Qatar,22/01/2021,148521,248,144619,1344472,Middle East & North Africa,High income,59923.95966
QAT,Qatar,23/01/2021,148772,248,144740,1347631,Middle East & North Africa,High income,59923.95966
QAT,Qatar,24/01/2021,149019,248,144858,1352784,Middle East & North Africa,High income,59923.95966
QAT,Qatar,25/01/2021,149296,248,144981,1357657,Middle East & North Africa,High income,59923.95966
QAT,Qatar,26/01/2021,149595,248,145124,1362781,Middle East & North Africa,High income,59923.95966
QAT,Qatar,27/01/2021,149933,248,145251,1368964,Middle East & North Africa,High income,59923.95966
QAT,Qatar,28/01/2021,150280,248,145414,1374442,Middle East & North Africa,High income,59923.95966
QAT,Qatar,29/01/2021,150621,248,145556,1379666,Middle East & North Africa,High income,59923.95966
QAT,Qatar,30/01/2021,150984,248,145668,NA,Middle East & North Africa,High income,59923.95966
QAT,Qatar,31/01/2021,151335,248,145806,1388419,Middle East & North Africa,High income,59923.95966
QAT,Qatar,1/02/2021,151720,249,145953,1393630,Middle East & North Africa,High income,59923.95966
QAT,Qatar,2/02/2021,152095,249,146111,1399488,Middle East & North Africa,High income,59923.95966
QAT,Qatar,3/02/2021,152491,249,146302,1406440,Middle East & North Africa,High income,59923.95966
QAT,Qatar,4/02/2021,152898,249,146474,1413949,Middle East & North Africa,High income,59923.95966
QAT,Qatar,5/02/2021,153296,250,146627,1419256,Middle East & North Africa,High income,59923.95966
QAT,Qatar,6/02/2021,153690,250,146759,1422102,Middle East & North Africa,High income,59923.95966
QAT,Qatar,7/02/2021,154098,250,146910,1427637,Middle East & North Africa,High income,59923.95966
QAT,Qatar,8/02/2021,154525,251,147033,1432985,Middle East & North Africa,High income,59923.95966
QAT,Qatar,9/02/2021,155002,253,147191,1438308,Middle East & North Africa,High income,59923.95966
QAT,Qatar,10/02/2021,155453,253,147451,1443605,Middle East & North Africa,High income,59923.95966
QAT,Qatar,11/02/2021,155901,254,147727,1449099,Middle East & North Africa,High income,59923.95966
QAT,Qatar,12/02/2021,156351,254,147939,1455165,Middle East & North Africa,High income,59923.95966
QAT,Qatar,13/02/2021,156804,255,148137,1459551,Middle East & North Africa,High income,59923.95966
QAT,Qatar,14/02/2021,157244,255,148314,1465229,Middle East & North Africa,High income,59923.95966
QAT,Qatar,15/02/2021,158132,255,148677,1470569,Middle East & North Africa,High income,59923.95966
QAT,Qatar,16/02/2021,158138,256,148638,1475845,Middle East & North Africa,High income,59923.95966
QAT,Qatar,17/02/2021,158591,256,148766,1481420,Middle East & North Africa,High income,59923.95966
QAT,Qatar,18/02/2021,159053,256,149031,1486833,Middle East & North Africa,High income,59923.95966
QAT,Qatar,19/02/2021,159518,256,149320,1491675,Middle East & North Africa,High income,59923.95966
QAT,Qatar,20/02/2021,159967,256,149740,1495417,Middle East & North Africa,High income,59923.95966
QAT,Qatar,21/02/2021,160426,256,150220,1500261,Middle East & North Africa,High income,59923.95966
QAT,Qatar,22/02/2021,160889,257,150715,1505646,Middle East & North Africa,High income,59923.95966
QAT,Qatar,23/02/2021,161344,257,151225,1510492,Middle East & North Africa,High income,59923.95966
QAT,Qatar,24/02/2021,161803,257,151787,1516046,Middle East & North Africa,High income,59923.95966
QAT,Qatar,25/02/2021,162268,257,152327,1521792,Middle East & North Africa,High income,59923.95966
QAT,Qatar,26/02/2021,162737,257,152807,1527438,Middle East & North Africa,High income,59923.95966
QAT,Qatar,27/02/2021,163197,257,153219,1532225,Middle East & North Africa,High income,59923.95966
QAT,Qatar,28/02/2021,163664,258,153621,1537958,Middle East & North Africa,High income,59923.95966
QAT,Qatar,1/03/2021,164137,259,154061,1544331,Middle East & North Africa,High income,59923.95966
QAT,Qatar,2/03/2021,164600,259,154420,1550694,Middle East & North Africa,High income,59923.95966
QAT,Qatar,3/03/2021,165071,260,154752,1557031,Middle East & North Africa,High income,59923.95966
QAT,Qatar,4/03/2021,165546,260,155070,1563932,Middle East & North Africa,High income,59923.95966
QAT,Qatar,5/03/2021,166015,261,155407,1568968,Middle East & North Africa,High income,59923.95966
QAT,Qatar,6/03/2021,166475,262,155700,1573518,Middle East & North Africa,High income,59923.95966
QAT,Qatar,7/03/2021,166949,262,156001,1578949,Middle East & North Africa,High income,59923.95966
QAT,Qatar,8/03/2021,167417,263,156299,1585232,Middle East & North Africa,High income,59923.95966
QAT,Qatar,9/03/2021,167888,264,156612,1591056,Middle East & North Africa,High income,59923.95966
QAT,Qatar,10/03/2021,168361,264,156919,1597367,Middle East & North Africa,High income,59923.95966
QAT,Qatar,11/03/2021,168829,264,157242,1603693,Middle East & North Africa,High income,59923.95966
QAT,Qatar,12/03/2021,169284,265,157577,1610526,Middle East & North Africa,High income,59923.95966
QAT,Qatar,13/03/2021,169767,265,157876,1615021,Middle East & North Africa,High income,59923.95966
QAT,Qatar,14/03/2021,170252,266,158197,1622518,Middle East & North Africa,High income,59923.95966
QAT,Qatar,15/03/2021,170733,267,158508,1629260,Middle East & North Africa,High income,59923.95966
QAT,Qatar,16/03/2021,171212,268,158853,1635175,Middle East & North Africa,High income,59923.95966
QAT,Qatar,17/03/2021,171701,270,159141,1642181,Middle East & North Africa,High income,59923.95966
QAT,Qatar,18/03/2021,172200,270,159472,1648555,Middle East & North Africa,High income,59923.95966
QAT,Qatar,19/03/2021,172697,271,159787,1654790,Middle East & North Africa,High income,59923.95966
QAT,Qatar,20/03/2021,173206,272,160115,1660175,Middle East & North Africa,High income,59923.95966
QAT,Qatar,21/03/2021,173709,273,160451,1666658,Middle East & North Africa,High income,59923.95966
QAT,Qatar,22/03/2021,174228,274,160762,1672650,Middle East & North Africa,High income,59923.95966
QAT,Qatar,23/03/2021,174762,275,161111,1679713,Middle East & North Africa,High income,59923.95966
QAT,Qatar,24/03/2021,175332,278,161488,1686747,Middle East & North Africa,High income,59923.95966
QAT,Qatar,25/03/2021,175919,281,161815,1694463,Middle East & North Africa,High income,59923.95966
QAT,Qatar,26/03/2021,176521,282,162173,1701019,Middle East & North Africa,High income,59923.95966
QAT,Qatar,27/03/2021,177135,284,162555,1706760,Middle East & North Africa,High income,59923.95966
QAT,Qatar,28/03/2021,177774,284,162910,1712932,Middle East & North Africa,High income,59923.95966
QAT,Qatar,29/03/2021,178464,286,163272,1719899,Middle East & North Africa,High income,59923.95966
QAT,Qatar,30/03/2021,179184,289,163684,1727398,Middle East & North Africa,High income,59923.95966
QAT,Qatar,31/03/2021,179964,291,164121,1734601,Middle East & North Africa,High income,59923.95966
QAT,Qatar,1/04/2021,180804,295,164544,1741631,Middle East & North Africa,High income,59923.95966
QAT,Qatar,2/04/2021,181678,298,165003,1749501,Middle East & North Africa,High income,59923.95966
QAT,Qatar,3/04/2021,182548,301,165471,1754221,Middle East & North Africa,High income,59923.95966
QAT,Qatar,4/04/2021,183424,303,165952,1760812,Middle East & North Africa,High income,59923.95966
QAT,Qatar,5/04/2021,184334,306,166441,1766354,Middle East & North Africa,High income,59923.95966
QAT,Qatar,6/04/2021,185261,312,166953,1773431,Middle East & North Africa,High income,59923.95966
QAT,Qatar,7/04/2021,186201,320,167480,1780877,Middle East & North Africa,High income,59923.95966
QAT,Qatar,8/04/2021,187150,322,168001,1786516,Middle East & North Africa,High income,59923.95966
QAT,Qatar,9/04/2021,188100,324,168534,1792416,Middle East & North Africa,High income,59923.95966
QAT,Qatar,10/04/2021,189064,331,169086,1797325,Middle East & North Africa,High income,59923.95966
QAT,Qatar,11/04/2021,190025,333,169635,1802462,Middle East & North Africa,High income,59923.95966
QAT,Qatar,12/04/2021,190998,335,170194,1808736,Middle East & North Africa,High income,59923.95966
QAT,Qatar,13/04/2021,191979,340,170787,1814379,Middle East & North Africa,High income,59923.95966
QAT,Qatar,14/04/2021,192963,348,171388,1820083,Middle East & North Africa,High income,59923.95966
QAT,Qatar,15/04/2021,193952,357,171985,1825071,Middle East & North Africa,High income,59923.95966
QAT,Qatar,16/04/2021,194930,367,172598,1830688,Middle East & North Africa,High income,59923.95966
QAT,Qatar,17/04/2021,195757,376,173257,1834731,Middle East & North Africa,High income,59923.95966
QAT,Qatar,18/04/2021,196580,382,173970,1840053,Middle East & North Africa,High income,59923.95966
QAT,Qatar,19/04/2021,197476,386,174698,1844598,Middle East & North Africa,High income,59923.95966
QAT,Qatar,20/04/2021,198361,391,175431,1849568,Middle East & North Africa,High income,59923.95966
QAT,Qatar,21/04/2021,199180,400,176188,1854566,Middle East & North Africa,High income,59923.95966
QAT,Qatar,22/04/2021,199980,407,177164,1862459,Middle East & North Africa,High income,59923.95966
QAT,Qatar,23/04/2021,200778,413,178461,1870202,Middle East & North Africa,High income,59923.95966
QAT,Qatar,24/04/2021,201496,418,179974,1875805,Middle East & North Africa,High income,59923.95966
QAT,Qatar,25/04/2021,202201,428,181522,NA,Middle East & North Africa,High income,59923.95966
QAT,Qatar,26/04/2021,202904,437,183100,1884662,Middle East & North Africa,High income,59923.95966
QAT,Qatar,27/04/2021,203599,441,184712,1889194,Middle East & North Africa,High income,59923.95966
QAT,Qatar,28/04/2021,204289,445,186318,1893606,Middle East & North Africa,High income,59923.95966
QAT,Qatar,29/04/2021,204976,450,187951,1899091,Middle East & North Africa,High income,59923.95966
QAT,Qatar,30/04/2021,205652,458,189544,1903912,Middle East & North Africa,High income,59923.95966
QAT,Qatar,1/05/2021,206302,465,191071,1908717,Middle East & North Africa,High income,59923.95966
QAT,Qatar,2/05/2021,206948,472,192551,1913127,Middle East & North Africa,High income,59923.95966
QAT,Qatar,3/05/2021,207592,480,194099,1918009,Middle East & North Africa,High income,59923.95966
QAT,Qatar,4/05/2021,208232,483,195521,1923392,Middle East & North Africa,High income,59923.95966
QAT,Qatar,5/05/2021,208877,489,196906,1927819,Middle East & North Africa,High income,59923.95966
QAT,Qatar,6/05/2021,209470,493,198227,1932620,Middle East & North Africa,High income,59923.95966
QAT,Qatar,7/05/2021,210070,496,199444,1937204,Middle East & North Africa,High income,59923.95966
QAT,Qatar,8/05/2021,210603,502,200467,1941171,Middle East & North Africa,High income,59923.95966
QAT,Qatar,9/05/2021,210992,508,201530,1945111,Middle East & North Africa,High income,59923.95966
QAT,Qatar,10/05/2021,211389,512,202552,1949350,Middle East & North Africa,High income,59923.95966
QAT,Qatar,11/05/2021,211732,516,203546,1954173,Middle East & North Africa,High income,59923.95966
QAT,Qatar,12/05/2021,212124,519,204408,1957978,Middle East & North Africa,High income,59923.95966
QAT,Qatar,13/05/2021,212423,522,205160,1961687,Middle East & North Africa,High income,59923.95966
QAT,Qatar,14/05/2021,212667,524,205750,1964598,Middle East & North Africa,High income,59923.95966
QAT,Qatar,15/05/2021,212927,526,206307,1967354,Middle East & North Africa,High income,59923.95966
QAT,Qatar,16/05/2021,213183,530,207077,1970800,Middle East & North Africa,High income,59923.95966
QAT,Qatar,17/05/2021,213485,532,207796,1973886,Middle East & North Africa,High income,59923.95966
QAT,Qatar,18/05/2021,213855,536,208614,1977199,Middle East & North Africa,High income,59923.95966
QAT,Qatar,19/05/2021,214150,538,209251,1981339,Middle East & North Africa,High income,59923.95966
QAT,Qatar,20/05/2021,214463,539,209773,1985181,Middle East & North Africa,High income,59923.95966
QAT,Qatar,21/05/2021,214830,541,210150,1988609,Middle East & North Africa,High income,59923.95966
QAT,Qatar,22/05/2021,215160,543,210589,1991728,Middle East & North Africa,High income,59923.95966
QAT,Qatar,23/05/2021,215443,544,210942,1995242,Middle East & North Africa,High income,59923.95966
QAT,Qatar,24/05/2021,215742,547,211296,1998695,Middle East & North Africa,High income,59923.95966
QAT,Qatar,25/05/2021,216091,549,211635,2001947,Middle East & North Africa,High income,59923.95966
QAT,Qatar,26/05/2021,216397,552,211896,2005869,Middle East & North Africa,High income,59923.95966
QAT,Qatar,27/05/2021,216683,552,212048,2009716,Middle East & North Africa,High income,59923.95966
QAT,Qatar,28/05/2021,216885,552,212379,2012989,Middle East & North Africa,High income,59923.95966
QAT,Qatar,29/05/2021,217041,554,212716,2016744,Middle East & North Africa,High income,59923.95966
QAT,Qatar,30/05/2021,217230,554,213007,2020338,Middle East & North Africa,High income,59923.95966
QAT,Qatar,31/05/2021,217458,556,213336,2024606,Middle East & North Africa,High income,59923.95966
QAT,Qatar,1/06/2021,217688,560,213632,2028209,Middle East & North Africa,High income,59923.95966
QAT,Qatar,2/06/2021,217882,562,214020,2032185,Middle East & North Africa,High income,59923.95966
QAT,Qatar,3/06/2021,218080,563,214377,2036599,Middle East & North Africa,High income,59923.95966
QAT,Qatar,4/06/2021,218263,565,214625,2040984,Middle East & North Africa,High income,59923.95966
QAT,Qatar,5/06/2021,218455,566,214950,2044926,Middle East & North Africa,High income,59923.95966
QAT,Qatar,6/06/2021,218627,569,215294,2049278,Middle East & North Africa,High income,59923.95966
QAT,Qatar,7/06/2021,218798,569,215635,2053409,Middle East & North Africa,High income,59923.95966
QAT,Qatar,8/06/2021,218980,570,215899,2056656,Middle East & North Africa,High income,59923.95966
QAT,Qatar,9/06/2021,219138,573,216123,2062349,Middle East & North Africa,High income,59923.95966
QAT,Qatar,10/06/2021,219281,574,216301,2067661,Middle East & North Africa,High income,59923.95966
QAT,Qatar,11/06/2021,219466,574,216483,2071976,Middle East & North Africa,High income,59923.95966
QAT,Qatar,12/06/2021,219613,576,216698,2076074,Middle East & North Africa,High income,59923.95966
QAT,Qatar,13/06/2021,219730,577,216944,2080535,Middle East & North Africa,High income,59923.95966
QAT,Qatar,14/06/2021,219887,579,217143,2084963,Middle East & North Africa,High income,59923.95966
QAT,Qatar,15/06/2021,220033,579,217352,2090365,Middle East & North Africa,High income,59923.95966
QAT,Qatar,16/06/2021,220198,579,217550,2094362,Middle East & North Africa,High income,59923.95966
QAT,Qatar,17/06/2021,220325,581,217758,2100167,Middle East & North Africa,High income,59923.95966
QAT,Qatar,18/06/2021,220509,582,217901,2105547,Middle East & North Africa,High income,59923.95966
QAT,Qatar,19/06/2021,220693,582,218098,2110802,Middle East & North Africa,High income,59923.95966
QAT,Qatar,20/06/2021,220800,583,218244,2116093,Middle East & North Africa,High income,59923.95966
QAT,Qatar,21/06/2021,220930,583,218435,2121764,Middle East & North Africa,High income,59923.95966
QAT,Qatar,22/06/2021,221119,584,218584,2126632,Middle East & North Africa,High income,59923.95966
QAT,Qatar,23/06/2021,221273,586,218787,2131383,Middle East & North Africa,High income,59923.95966
QAT,Qatar,24/06/2021,221378,587,218928,2137163,Middle East & North Africa,High income,59923.95966
QAT,Qatar,25/06/2021,221465,588,219041,2141812,Middle East & North Africa,High income,59923.95966
QAT,Qatar,26/06/2021,221590,588,219202,2145918,Middle East & North Africa,High income,59923.95966
QAT,Qatar,27/06/2021,221692,588,219333,2150184,Middle East & North Africa,High income,59923.95966
QAT,Qatar,28/06/2021,221810,588,219478,2155430,Middle East & North Africa,High income,59923.95966
QAT,Qatar,29/06/2021,221953,588,219658,2160754,Middle East & North Africa,High income,59923.95966
QAT,Qatar,30/06/2021,222071,590,219799,2165723,Middle East & North Africa,High income,59923.95966
QAT,Qatar,1/07/2021,222217,591,219985,2172413,Middle East & North Africa,High income,59923.95966
QAT,Qatar,2/07/2021,222350,591,220100,NA,Middle East & North Africa,High income,59923.95966
QAT,Qatar,3/07/2021,222453,592,220260,2182633,Middle East & North Africa,High income,59923.95966
QAT,Qatar,4/07/2021,222574,592,220449,2187170,Middle East & North Africa,High income,59923.95966
QAT,Qatar,5/07/2021,222667,593,220597,2193021,Middle East & North Africa,High income,59923.95966
QAT,Qatar,6/07/2021,222760,594,220677,2198267,Middle East & North Africa,High income,59923.95966
QAT,Qatar,7/07/2021,222918,596,220762,2203067,Middle East & North Africa,High income,59923.95966
QAT,Qatar,8/07/2021,223031,598,220904,2207701,Middle East & North Africa,High income,59923.95966
QAT,Qatar,9/07/2021,223175,598,221027,2213065,Middle East & North Africa,High income,59923.95966
QAT,Qatar,10/07/2021,223272,599,221160,2217530,Middle East & North Africa,High income,59923.95966
QAT,Qatar,11/07/2021,223358,599,221295,2222579,Middle East & North Africa,High income,59923.95966
QAT,Qatar,12/07/2021,223504,599,221400,2227433,Middle East & North Africa,High income,59923.95966
QAT,Qatar,13/07/2021,223646,599,221549,2233323,Middle East & North Africa,High income,59923.95966
QAT,Qatar,14/07/2021,223780,599,221665,2238789,Middle East & North Africa,High income,59923.95966
QAT,Qatar,15/07/2021,223911,599,221805,2245517,Middle East & North Africa,High income,59923.95966
QAT,Qatar,16/07/2021,224044,599,221913,2251914,Middle East & North Africa,High income,59923.95966
QAT,Qatar,17/07/2021,224160,599,222011,2259089,Middle East & North Africa,High income,59923.95966
QAT,Qatar,18/07/2021,224278,599,222105,2264026,Middle East & North Africa,High income,59923.95966
QAT,Qatar,19/07/2021,224402,599,222257,2270315,Middle East & North Africa,High income,59923.95966
QAT,Qatar,20/07/2021,224510,599,222362,2276171,Middle East & North Africa,High income,59923.95966
QAT,Qatar,21/07/2021,224638,600,222478,2280397,Middle East & North Africa,High income,59923.95966
QAT,Qatar,22/07/2021,224834,600,222600,2285390,Middle East & North Africa,High income,59923.95966
QAT,Qatar,23/07/2021,224948,600,222727,2290165,Middle East & North Africa,High income,59923.95966
QAT,Qatar,24/07/2021,225072,600,222839,2295397,Middle East & North Africa,High income,59923.95966
QAT,Qatar,25/07/2021,225198,600,222976,2299833,Middle East & North Africa,High income,59923.95966
QAT,Qatar,26/07/2021,225376,600,223114,2304142,Middle East & North Africa,High income,59923.95966
QAT,Qatar,27/07/2021,225522,600,223210,2309307,Middle East & North Africa,High income,59923.95966
QAT,Qatar,28/07/2021,225747,601,223376,2314669,Middle East & North Africa,High income,59923.95966
QAT,Qatar,29/07/2021,225905,601,223494,2320721,Middle East & North Africa,High income,59923.95966
QAT,Qatar,30/07/2021,226077,601,223591,2326357,Middle East & North Africa,High income,59923.95966
QAT,Qatar,31/07/2021,226239,601,223732,2332220,Middle East & North Africa,High income,59923.95966
QAT,Qatar,1/08/2021,226390,601,223849,2337356,Middle East & North Africa,High income,59923.95966
QAT,Qatar,2/08/2021,226540,601,223995,2343577,Middle East & North Africa,High income,59923.95966
QAT,Qatar,3/08/2021,226710,601,224129,2348938,Middle East & North Africa,High income,59923.95966
QAT,Qatar,4/08/2021,226874,601,224285,2354679,Middle East & North Africa,High income,59923.95966
QAT,Qatar,5/08/2021,227055,601,224384,2360184,Middle East & North Africa,High income,59923.95966
QAT,Qatar,6/08/2021,227273,601,224530,2366077,Middle East & North Africa,High income,59923.95966
QAT,Qatar,7/08/2021,227472,601,224703,2370831,Middle East & North Africa,High income,59923.95966
QAT,Qatar,8/08/2021,227689,601,224838,2375903,Middle East & North Africa,High income,59923.95966
QAT,Qatar,9/08/2021,227899,601,225033,2381211,Middle East & North Africa,High income,59923.95966
QAT,Qatar,10/08/2021,228119,601,225213,2386801,Middle East & North Africa,High income,59923.95966
QAT,Qatar,11/08/2021,228346,601,225420,2391827,Middle East & North Africa,High income,59923.95966
QAT,Qatar,12/08/2021,228543,601,225566,2397102,Middle East & North Africa,High income,59923.95966
QAT,Qatar,13/08/2021,228787,601,225566,2402281,Middle East & North Africa,High income,59923.95966
QAT,Qatar,14/08/2021,228981,601,225881,2407381,Middle East & North Africa,High income,59923.95966
QAT,Qatar,15/08/2021,229168,601,226012,2414094,Middle East & North Africa,High income,59923.95966
QAT,Qatar,16/08/2021,229428,601,226158,2420179,Middle East & North Africa,High income,59923.95966
QAT,Qatar,17/08/2021,229697,601,226389,2425754,Middle East & North Africa,High income,59923.95966
QAT,Qatar,18/08/2021,229915,601,226562,2432003,Middle East & North Africa,High income,59923.95966
QAT,Qatar,19/08/2021,230221,601,226562,2438290,Middle East & North Africa,High income,59923.95966
QAT,Qatar,20/08/2021,230442,601,226996,2444752,Middle East & North Africa,High income,59923.95966
QAT,Qatar,21/08/2021,230632,601,227197,2449043,Middle East & North Africa,High income,59923.95966
QAT,Qatar,22/08/2021,230837,601,227197,2453234,Middle East & North Africa,High income,59923.95966
QAT,Qatar,23/08/2021,231126,601,227445,2458570,Middle East & North Africa,High income,59923.95966
QAT,Qatar,24/08/2021,231343,601,227867,2464325,Middle East & North Africa,High income,59923.95966
QAT,Qatar,25/08/2021,231559,601,227867,2469971,Middle East & North Africa,High income,59923.95966
QAT,Qatar,26/08/2021,231792,601,228327,2475733,Middle East & North Africa,High income,59923.95966
QAT,Qatar,27/08/2021,232004,602,228540,2481062,Middle East & North Africa,High income,59923.95966
QAT,Qatar,28/08/2021,232187,602,228740,2486059,Middle East & North Africa,High income,59923.95966
QAT,Qatar,29/08/2021,232366,602,229046,2492185,Middle East & North Africa,High income,59923.95966
QAT,Qatar,30/08/2021,232571,602,229046,2497975,Middle East & North Africa,High income,59923.95966
